Emotion Recognition AI,"Artificial intelligence that can analyze facial expressions, voice, and behavior to detect emotional states.",Technological & Engineering Innovations,emotion-recognition-ai
Smart Farming Drones,"Aerial drones used in agriculture for monitoring crops, spraying, and collecting data.",Technological & Engineering Innovations,smart-farming-drones
Biodegradable Circuit Boards,"Electronic boards designed to break down naturally after disposal, reducing e-waste.",Technological & Engineering Innovations,biodegradable-circuit-boards
Robotic Surgery Systems,Precision surgical tools operated by robots for minimally invasive procedures.,Technological & Engineering Innovations,robotic-surgery-systems
Edible Water Pods,"Biodegradable water containers that can be consumed, offering sustainable hydration packaging.",Technological & Engineering Innovations,edible-water-pods
Cryogenic Energy Storage,"Energy stored by liquefying gases at very low temperatures, then releasing it through heat exchange.",Technological & Engineering Innovations,cryogenic-energy-storage
AI-Powered Medical Imaging,Machine learning models that analyze medical scans to detect diseases more accurately.,Technological & Engineering Innovations,ai-medical-imaging
Liquid Biopsy Diagnostics,Non-invasive testing of blood or fluids to detect cancer and genetic mutations.,Technological & Engineering Innovations,liquid-biopsy
Drone-Based Infrastructure Inspection,"Drones used to inspect bridges, towers, and pipelines for defects and maintenance.",Technological & Engineering Innovations,drone-infrastructure-inspection
Brain Mapping Technologies,Tools and imaging systems that map brain activity in detail for neuroscience and medicine.,Technological & Engineering Innovations,brain-mapping
Solar-Powered Desalination Plants,Facilities that use solar energy to remove salt from seawater for clean drinking water.,Technological & Engineering Innovations,solar-desalination
Biosensors in Wearables,"Miniature devices embedded in wearables to monitor glucose, oxygen, hydration, and more.",Technological & Engineering Innovations,biosensors-wearables
Underwater Data Centers,Submerged computing centers designed for better cooling and environmental efficiency.,Technological & Engineering Innovations,underwater-data-centers
Dynamic Glass,"Glass that changes opacity or color in response to light, temperature, or electric charge.",Technological & Engineering Innovations,dynamic-glass
Smart Toilet Systems,Toilets with sensors and analysis capabilities for health monitoring and water conservation.,Technological & Engineering Innovations,smart-toilets
Digital Identity Verification,Secure authentication systems using biometrics and encrypted identifiers for digital access.,Technological & Engineering Innovations,digital-identity-verification
Personalized Nutrition Apps,Mobile platforms offering dietary advice based on genetic or metabolic profiling.,Technological & Engineering Innovations,personalized-nutrition-apps
Maglev Trains,"Trains that use magnetic levitation for high-speed, frictionless travel.",Technological & Engineering Innovations,maglev-trains
Geoengineering Technologies,"Methods to manipulate the Earth's climate, including carbon removal and solar radiation management.",Technological & Engineering Innovations,geoengineering
Biometric Wearables for Infants,Smart devices that track infant vitals to alert parents of potential issues in real time.,Technological & Engineering Innovations,infant-biometric-wearables
AI-Powered Drug Discovery,Machine learning used to identify new pharmaceutical compounds and simulate trials.,Technological & Engineering Innovations,ai-drug-discovery
Crowd Forecasting Platforms,Systems that aggregate predictions from many users to improve event forecasting accuracy.,Technological & Engineering Innovations,crowd-forecasting
Self-Cleaning Building Materials,"Surfaces engineered to repel dirt, bacteria, or graffiti using nanotechnology.",Technological & Engineering Innovations,self-cleaning-materials
Space-Based Solar Power,Satellites that capture solar energy and transmit it wirelessly to Earth.,Technological & Engineering Innovations,space-solar-power
3D Printed Housing,Entire homes constructed layer-by-layer using robotic printers and sustainable materials.,Technological & Engineering Innovations,3d-printed-housing
Battery-Free IoT Sensors,Low-energy sensors that harvest ambient energy to power themselves.,Technological & Engineering Innovations,battery-free-iot
Predictive Maintenance Systems,AI systems that anticipate equipment failures before they occur using real-time data.,Technological & Engineering Innovations,predictive-maintenance
Solar Roadways,Road surfaces embedded with photovoltaic panels to generate electricity.,Technological & Engineering Innovations,solar-roadways
Lab-on-a-Chip Devices,Miniaturized labs for chemical or biological testing on a single chip.,Technological & Engineering Innovations,lab-on-a-chip
Energy-Positive Buildings,Structures that generate more energy than they consume annually.,Technological & Engineering Innovations,energy-positive-buildings
AI-Enhanced Legal Contracts,Smart contracts that use natural language processing for dynamic clauses and negotiation.,Technological & Engineering Innovations,ai-legal-contracts
Smart Retail Shelves,Store displays that track inventory and customer interaction with embedded sensors.,Technological & Engineering Innovations,smart-retail-shelves
Digital Twins for Manufacturing,Virtual replicas of production systems for real-time monitoring and simulation.,Technological & Engineering Innovations,digital-twins-manufacturing
Swarm Robotics,Multiple robots working in coordination based on decentralized algorithms.,Technological & Engineering Innovations,swarm-robotics
Mind-Controlled Devices,Electronics operated by interpreting brain signals into commands.,Technological & Engineering Innovations,mind-controlled-devices
Transparent Solar Panels,Photovoltaic glass that allows light through while generating power.,Technological & Engineering Innovations,transparent-solar-panels
Zero-Knowledge Proof Authentication,A cryptographic method to prove identity without revealing personal data.,Technological & Engineering Innovations,zero-knowledge-auth
Emotionally Adaptive AI,Artificial agents that change responses based on a user’s mood and emotional state.,Technological & Engineering Innovations,emotionally-adaptive-ai
Programmable Matter,Materials that change shape or properties based on programmed instructions.,Technological & Engineering Innovations,programmable-matter
Portable Fusion Reactors,"Compact nuclear fusion generators for clean, on-demand energy production.",Technological & Engineering Innovations,portable-fusion-reactors
AI-Powered Translation Earbuds,Wireless earbuds that provide real-time language translation.,Technological & Engineering Innovations,ai-translation-earbuds
Deepfake Detection Tools,Software that identifies manipulated images and videos using AI.,Technological & Engineering Innovations,deepfake-detection
In-Body Health Sensors,Devices implanted in the body to monitor health metrics in real time.,Technological & Engineering Innovations,in-body-health-sensors
Firefighting Drones,"Aerial robots that detect and suppress fires, especially in inaccessible areas.",Technological & Engineering Innovations,firefighting-drones
Edible Electronics,Devices made from ingestible materials for temporary internal monitoring.,Technological & Engineering Innovations,edible-electronics
Smart Eyewear Displays,Eyeglasses that display digital information without obstructing vision.,Technological & Engineering Innovations,smart-eyewear
Self-Destructing Data Chips,Chips that erase data or physically destroy themselves after certain triggers.,Technological & Engineering Innovations,self-destructing-chips
Immersive Education Platforms,"Learning systems using VR, AR, and gamification to enhance education.",Technological & Engineering Innovations,immersive-education
AI-Moderated Online Communities,Artificial intelligence tools that automatically enforce rules in forums and chats.,Technological & Engineering Innovations,ai-community-moderation
Zero-Energy Buildings,Structures that generate as much energy as they consume using renewable sources and efficient design.,Technological & Engineering Innovations,zero-energy-buildings
Graphene Batteries,"Advanced batteries that use graphene to increase energy density, charge speed, and lifespan.",Technological & Engineering Innovations,graphene-batteries
Biodegradable Plastics,Plastics made from natural materials that break down more safely in the environment.,Technological & Engineering Innovations,biodegradable-plastics
Modular Construction Systems,Building structures assembled from prefabricated sections to reduce time and cost.,Technological & Engineering Innovations,modular-construction
Vertical Takeoff and Landing Aircraft (VTOL),"Aircraft that can take off, hover, and land vertically, useful for urban air mobility.",Technological & Engineering Innovations,vtol-aircraft
Wireless Mesh Networks,Decentralized internet systems where nodes relay data between each other for greater resilience.,Technological & Engineering Innovations,wireless-mesh-networks
Wearable Exoskeletons,"Robotic suits worn to assist with strength, mobility, or rehabilitation.",Technological & Engineering Innovations,wearable-exoskeletons
AI-Enhanced Legal Research,Legal tools powered by artificial intelligence for faster case law analysis and legal drafting.,Technological & Engineering Innovations,ai-legal-research
Carbon-Negative Concrete,Concrete that absorbs more carbon dioxide than it emits during production.,Technological & Engineering Innovations,carbon-negative-concrete
Mobile Water Purification Units,Portable systems that clean and filter water for disaster relief and remote locations.,Technological & Engineering Innovations,mobile-water-purifiers
Biometric Border Control,Use of biometric data at borders to streamline identity verification and immigration processes.,Technological & Engineering Innovations,biometric-border-control
Crowdsourced Disaster Mapping,Real-time mapping platforms that aggregate public data to track natural disasters.,Technological & Engineering Innovations,crowdsourced-disaster-mapping
Reconfigurable Manufacturing Lines,Smart factories with flexible layouts to produce different products with minimal downtime.,Technological & Engineering Innovations,reconfigurable-manufacturing
Autonomous Shipping Vessels,Ships that navigate and operate without human intervention using AI and sensors.,Technological & Engineering Innovations,autonomous-shipping
AI-Driven Content Creation,"Artificial intelligence tools used to generate text, music, and visuals automatically.",Technological & Engineering Innovations,ai-content-creation
Battery Swapping Stations,Infrastructure allowing EV users to quickly replace depleted batteries instead of charging.,Technological & Engineering Innovations,battery-swapping-stations
Intelligent Waste Sorting,Automated systems that separate waste streams using AI and robotics.,Technological & Engineering Innovations,intelligent-waste-sorting
Urban Vertical Transport Pods,High-speed elevators or capsules that move both vertically and horizontally in skyscrapers.,Technological & Engineering Innovations,vertical-transport-pods
AI Tutors and Education Bots,Virtual learning assistants that provide personalized tutoring to students.,Technological & Engineering Innovations,ai-tutors
Self-Healing Materials,Materials that can automatically repair cracks or damage to extend their usability.,Technological & Engineering Innovations,self-healing-materials
Thermal Energy Storage,"Systems that store excess heat or cold for later use, enhancing energy efficiency.",Technological & Engineering Innovations,thermal-energy-storage
Digital Watermarks in Media,Invisible markers embedded in digital content to prove authenticity and track usage.,Technological & Engineering Innovations,digital-watermarks
AI-Based Traffic Management,Systems using machine learning to control and optimize traffic flow in real time.,Technological & Engineering Innovations,ai-traffic-management
Floating Solar Farms,Solar panels installed on bodies of water to generate power without occupying land.,Technological & Engineering Innovations,floating-solar-farms
AI for Climate Modeling,Using artificial intelligence to improve simulations and predictions of climate change.,Technological & Engineering Innovations,ai-climate-modeling
3D Printed Organs,Additive manufacturing techniques to create functional human tissues or organ scaffolds.,Technological & Engineering Innovations,3d-printed-organs
Robotic Fruit Harvesters,Autonomous machines that detect and pick ripe fruit with minimal damage.,Technological & Engineering Innovations,robotic-fruit-harvesters
Programmable Nanobots,Microscopic machines designed to perform precise tasks within the human body.,Technological & Engineering Innovations,programmable-nanobots
Tidal and Wave Energy Generators,Harnessing ocean movement to generate renewable electricity.,Technological & Engineering Innovations,tidal-wave-energy
Voice-Controlled Smart Homes,"Residential systems operated by voice assistants to control lighting, temperature, and appliances.",Technological & Engineering Innovations,voice-controlled-homes
AI in Art Authentication,Tools that analyze artworks for signs of forgery using image recognition and databases.,Technological & Engineering Innovations,ai-art-authentication
Digital Twin Cities,"Real-time, virtual models of entire cities used for planning, monitoring, and optimization.",Technological & Engineering Innovations,digital-twin-cities
DNA Data Storage,"Encoding digital information into DNA molecules for ultra-dense, long-term storage.",Technological & Engineering Innovations,dna-data-storage
Mobile Desalination Units,"Compact, portable devices that convert saltwater into drinkable water in field conditions.",Technological & Engineering Innovations,mobile-desalination-units
AI for Wildlife Conservation,"Monitoring ecosystems and endangered species using sensors, cameras, and machine learning.",Technological & Engineering Innovations,ai-wildlife-conservation
Bio-Based Construction Materials,"Building materials derived from natural sources like hemp, straw, or fungi.",Technological & Engineering Innovations,bio-construction-materials
Smart Pavement Systems,Roadways embedded with sensors that monitor traffic and conditions in real time.,Technological & Engineering Innovations,smart-pavement
Smart Dust Sensors,"Tiny, wireless microelectromechanical systems (MEMS) for environmental monitoring.",Technological & Engineering Innovations,smart-dust-sensors
Brainwave Authentication,User verification systems that identify individuals based on their brain activity patterns.,Technological & Engineering Innovations,brainwave-authentication
AI-Assisted Legal Trials,Judicial systems supported by machine learning to assist in analyzing case law and evidence.,Technological & Engineering Innovations,ai-legal-trials
Synthetic Embryos,Embryo-like structures created from stem cells without fertilization for research.,Technological & Engineering Innovations,synthetic-embryos
Solar-Powered Aircraft,Planes powered entirely or partially by photovoltaic energy for clean aviation.,Technological & Engineering Innovations,solar-powered-aircraft
Cryptographic Voting Systems,"Secure, verifiable voting methods using blockchain or zero-knowledge proofs.",Technological & Engineering Innovations,cryptographic-voting
AI-Driven Fashion Design,Using algorithms to analyze trends and generate new clothing styles.,Technological & Engineering Innovations,ai-fashion-design
Urban Air Mobility Platforms,"Integrated systems for managing aerial transportation in cities, including air taxis and drones.",Technological & Engineering Innovations,urban-air-mobility
Haptic Feedback Clothing,Wearable garments that use touch and vibration for immersive feedback and communication.,Technological & Engineering Innovations,haptic-clothing
Quantum Random Number Generators,Devices that produce true randomness using quantum phenomena for secure encryption.,Technological & Engineering Innovations,quantum-random-generators
Transparent Solar Panels,"Glass-like solar panels that generate electricity while allowing visible light to pass through, ideal for windows and facades.",Technological & Engineering Innovations,transparent-solar-panels
Digital Health Passports,"Secure, app-based systems storing health credentials like vaccination and testing status for travel and public access.",Technological & Engineering Innovations,digital-health-passports
Advanced Earthquake Engineering,Seismic-resistant technologies that protect buildings and infrastructure during earthquakes.,Technological & Engineering Innovations,advanced-earthquake-engineering
Space-Based Solar Power,Collecting solar energy in space and transmitting it wirelessly to Earth.,Technological & Engineering Innovations,space-based-solar-power
Autonomous Agricultural Drones,"Drones used in precision farming for tasks such as planting, spraying, and monitoring crops.",Technological & Engineering Innovations,autonomous-agricultural-drones
Cryogenic Preservation,"The use of low temperatures to preserve biological tissues, cells, or even humans for future revival.",Technological & Engineering Innovations,cryogenic-preservation
Lab-on-a-Chip Devices,Miniaturized laboratories capable of performing multiple diagnostic tests on a single chip.,Technological & Engineering Innovations,lab-on-a-chip
Electronic Skin (E-Skin),"Flexible, sensor-equipped materials that mimic human skin for robots and prosthetics.",Technological & Engineering Innovations,electronic-skin
Voice Biometrics,Technology that identifies individuals based on vocal characteristics for secure authentication.,Technological & Engineering Innovations,voice-biometrics
Bio-Integrated Sensors,Sensors embedded in the body to continuously monitor health metrics and transmit data wirelessly.,Technological & Engineering Innovations,bio-integrated-sensors
Bioelectric Medicine,"Therapies that use electrical impulses to modulate body functions, treating conditions like inflammation and epilepsy.",Technological & Engineering Innovations,bioelectric-medicine
Edible Packaging,Food-safe packaging materials that can be eaten or decompose harmlessly in the environment.,Technological & Engineering Innovations,edible-packaging
Smart Prosthetics,Artificial limbs enhanced with sensors and AI for more natural movement and feedback.,Technological & Engineering Innovations,smart-prosthetics
Volumetric Displays,Three-dimensional display systems that project images in space for true 3D visualization.,Technological & Engineering Innovations,volumetric-displays
Programmable Metamaterials,Materials engineered to change properties dynamically through external stimuli or digital control.,Technological & Engineering Innovations,programmable-metamaterials
AI-Powered Scientific Research,"Using artificial intelligence to accelerate hypothesis testing, data analysis, and discovery.",Technological & Engineering Innovations,ai-scientific-research
Hybrid Human-Machine Interfaces,"Systems allowing seamless interaction between humans and computers through brain signals, gestures, or biofeedback.",Technological & Engineering Innovations,hybrid-human-machine-interfaces
Anti-Aging and Longevity Technologies,Medical and genetic innovations aimed at slowing aging and extending human lifespan.,Technological & Engineering Innovations,anti-aging-technologies
AI-Enhanced Cybersecurity,"Using machine learning to detect, predict, and respond to cyber threats in real time.",Technological & Engineering Innovations,ai-cybersecurity
Biodegradable Batteries,Energy storage devices made of organic materials that safely decompose after use.,Technological & Engineering Innovations,biodegradable-batteries
Personal DNA Sequencers,Compact devices allowing individuals to read and analyze their own genetic information.,Technological & Engineering Innovations,personal-dna-sequencers
Satellite Internet Constellations,Global broadband networks formed by low-orbit satellite swarms like Starlink.,Technological & Engineering Innovations,satellite-internet-constellations
Underwater Data Centers,Submerged servers that use ocean water for cooling and reduced latency in coastal regions.,Technological & Engineering Innovations,underwater-data-centers
Emotion-Sensing Wearables,Devices that detect emotional states through physiological signals for wellness or adaptive interfaces.,Technological & Engineering Innovations,emotion-sensing-wearables
Smart Helmets,"Wearable tech for construction, military, or sports that includes AR displays, sensors, and communications tools.",Technological & Engineering Innovations,smart-helmets
AI-Driven Drug Discovery,Accelerated pharmaceutical research using algorithms to predict molecular efficacy and toxicity.,Technological & Engineering Innovations,ai-drug-discovery
Space Habitats and Life Support Systems,Technologies enabling long-term human survival in space through recycling and artificial ecosystems.,Technological & Engineering Innovations,space-habitats
Gesture-Based Computing,"Interfaces that allow users to control systems through physical gestures, removing the need for touch.",Technological & Engineering Innovations,gesture-based-computing
Biomimetic Engineering,Design inspired by nature’s structures and systems for efficiency and resilience.,Technological & Engineering Innovations,biomimetic-engineering
Smart Farming Robots,"Autonomous machines that plant, harvest, and monitor crops using AI and sensors.",Technological & Engineering Innovations,smart-farming-robots
Emotion AI,"Artificial intelligence capable of interpreting human emotions through facial expressions, tone, and behavior.",Technological & Engineering Innovations,emotion-ai
Digital Twins in Healthcare,Virtual models of patients used to simulate treatment outcomes and personalize care.,Technological & Engineering Innovations,digital-twins-healthcare
AI in Education Platforms,Adaptive learning systems that personalize content and assessments using machine intelligence.,Technological & Engineering Innovations,ai-education-platforms
Holographic Telepresence,"Live, 3D holograms that enable remote individuals to appear as life-sized projections.",Technological & Engineering Innovations,holographic-telepresence
Multi-Modal Biometrics,"Authentication using combinations of fingerprint, face, iris, and voice recognition for higher security.",Technological & Engineering Innovations,multi-modal-biometrics
Decentralized Identity Systems,"User-owned digital identities managed on blockchain for secure, private verification.",Technological & Engineering Innovations,decentralized-identity
Next-Gen Wireless Charging,"Fast, long-distance power transfer for devices using resonant or RF technologies.",Technological & Engineering Innovations,next-gen-wireless-charging
Biometric Payment Systems,Transaction systems that use biometric data like fingerprints or facial scans instead of cards or cash.,Technological & Engineering Innovations,biometric-payments
Synthetic Food and Cultured Dairy,"Lab-grown milk, cheese, and eggs produced without animals for sustainability and ethics.",Technological & Engineering Innovations,cultured-dairy
Precision Forestry and Logging,"Using satellite imagery, drones, and sensors to sustainably manage and harvest forests.",Technological & Engineering Innovations,precision-forestry
AI-Powered Translation Earbuds,Wearable devices offering real-time language translation in conversations.,Technological & Engineering Innovations,ai-translation-earbuds
Hyper-Accurate Weather Forecasting,Forecasts enhanced by AI and dense sensor networks for minute-by-minute regional accuracy.,Technological & Engineering Innovations,ai-weather-forecasting
Smart Fabrics with Embedded Circuits,Textiles that respond to environmental changes or transmit data for health and fitness.,Technological & Engineering Innovations,smart-fabrics
Personal Flying Vehicles (PFVs),"Compact aircraft designed for individual or small group air travel, often electric and autonomous.",Technological & Engineering Innovations,personal-flying-vehicles
Remote Robotic Surgery,Operations performed at a distance using robotic instruments guided by surgeons via telecommunications.,Technological & Engineering Innovations,remote-robotic-surgery
Artificial Organs and Biofabrication,"Technologies enabling the creation of artificial organs using synthetic or biological materials, supporting transplantation and regenerative medicine.",Technological & Engineering Innovations,artificial-organs-and-biofabrication
Tidal and Wave Energy Systems,"Renewable energy harnessed from ocean tides and wave movements, offering consistent and predictable power sources.",Technological & Engineering Innovations,tidal-and-wave-energy
Carbon Nanotubes,"Cylindrical nanostructures with exceptional strength and conductivity, used in electronics, materials science, and energy storage.",Technological & Engineering Innovations,carbon-nanotubes
Superhydrophobic Coatings,"Surface treatments that repel water and dirt, used in textiles, electronics, and industrial applications.",Technological & Engineering Innovations,superhydrophobic-coatings
Swarm Robotics,"A field involving many simple robots coordinating to perform complex tasks, inspired by insect colonies.",Technological & Engineering Innovations,swarm-robotics
Digital Twins,"Virtual replicas of physical systems used to simulate, monitor, and optimize real-world performance.",Technological & Engineering Innovations,digital-twins
Edge Computing,Processing data near the source of generation to reduce latency and bandwidth usage.,Technological & Engineering Innovations,edge-computing
Exoskeleton Suits,"Wearable machines that enhance strength, endurance, and mobility, especially in medical and military contexts.",Technological & Engineering Innovations,exoskeleton-suits
Voice Recognition and Speech Synthesis,"Technologies allowing machines to understand and generate human speech, used in assistants, translation, and accessibility.",Technological & Engineering Innovations,voice-recognition-and-speech-synthesis
Wearable Brain Scanners,"Portable devices for monitoring brain activity, supporting neuroscience, diagnostics, and cognitive research.",Technological & Engineering Innovations,wearable-brain-scanners
Holography and Light Field Displays,Techniques for producing three-dimensional images and displays using light wave interference patterns.,Technological & Engineering Innovations,holography-and-light-field-displays
Zero-Emission Construction Machinery,Heavy equipment powered by electric or hydrogen technologies to reduce carbon emissions on construction sites.,Technological & Engineering Innovations,zero-emission-construction-machinery
Vertical Takeoff and Landing (VTOL) Aircraft,"Aircraft capable of vertical lift and landing, paving the way for urban air mobility.",Technological & Engineering Innovations,vtol-aircraft
Carbon Fiber Manufacturing,"Production of lightweight, high-strength carbon fiber materials used in aerospace, sports, and automotive industries.",Technological & Engineering Innovations,carbon-fiber-manufacturing
Modular Construction Techniques,Building structures off-site in prefabricated modules for rapid and scalable construction.,Technological & Engineering Innovations,modular-construction
Magnetically Levitated (Maglev) Trains,"High-speed trains that float above tracks using magnetic levitation, eliminating friction.",Technological & Engineering Innovations,maglev-trains
Digital Fabrication and CNC Machining,"Automated, computer-controlled processes for creating precise physical objects from digital designs.",Technological & Engineering Innovations,digital-fabrication
Space Elevators (Conceptual),"A theoretical transportation system using a tethered cable to access space, reducing launch costs.",Technological & Engineering Innovations,space-elevators
Artificial Photosynthesis,"Technology that mimics natural photosynthesis to produce energy or fuels using sunlight, water, and CO₂.",Technological & Engineering Innovations,artificial-photosynthesis
Solar Roadways and Energy-Generating Surfaces,Pavement-integrated technologies that generate electricity from sunlight for smart infrastructure.,Technological & Engineering Innovations,solar-roadways
Automated Warehousing and Robotics,"Robotic systems managing storage, retrieval, and packaging in logistics and distribution centers.",Technological & Engineering Innovations,automated-warehousing
Digital Currency Systems (CBDCs),"Government-issued digital currencies that offer secure, programmable alternatives to cash.",Technological & Engineering Innovations,central-bank-digital-currency
Predictive Maintenance and IoT Sensors,"Systems that use sensor data to predict equipment failure before it occurs, reducing downtime.",Technological & Engineering Innovations,predictive-maintenance
Smart Windows and Electrochromic Glass,"Glass that changes transparency based on light, temperature, or voltage, used for energy efficiency.",Technological & Engineering Innovations,smart-windows
Geoengineering and Climate Modification,Proposals to deliberately alter Earth’s climate to mitigate the effects of global warming.,Technological & Engineering Innovations,geoengineering
Space Mining Technologies,Systems designed to extract resources from asteroids and other celestial bodies.,Technological & Engineering Innovations,space-mining
Floating Cities and Ocean Habitats,Engineered environments that support human habitation on or under the ocean surface.,Technological & Engineering Innovations,floating-cities
Biosensors and Wearable Diagnostics,Devices that detect biological signals for health monitoring and disease detection.,Technological & Engineering Innovations,biosensors
Liquid Biopsy and Non-Invasive Cancer Detection,"Blood tests that detect cancer biomarkers, reducing need for surgical biopsies.",Technological & Engineering Innovations,liquid-biopsy
DNA Data Storage,Encoding digital data in DNA molecules for ultra-dense and long-term storage.,Technological & Engineering Innovations,dna-data-storage
Electroceuticals,Medical devices that use electrical impulses to modulate nerve activity and treat diseases.,Technological & Engineering Innovations,electroceuticals
Biodegradable Electronics,"Electronic components designed to naturally decompose, reducing e-waste and environmental impact.",Technological & Engineering Innovations,biodegradable-electronics
Programmable Matter,Materials that can change properties or shape in response to external stimuli or digital instructions.,Technological & Engineering Innovations,programmable-matter
Universal Translators (AI-Based),Real-time language translation systems powered by machine learning and neural networks.,Technological & Engineering Innovations,universal-translators
Neuroprosthetics,Brain-controlled prosthetics that restore movement or function to individuals with disabilities.,Technological & Engineering Innovations,neuroprosthetics
Liquid Metal Circuits,"Flexible, self-healing electronic circuits using liquid metal alloys for soft robotics and wearables.",Technological & Engineering Innovations,liquid-metal-circuits
Bioluminescent Lighting,Use of natural or engineered bioluminescence as an energy-efficient light source.,Technological & Engineering Innovations,bioluminescent-lighting
AI-Generated Art and Music,"Creative works generated by artificial intelligence, blending computation and artistic expression.",Technological & Engineering Innovations,ai-generated-art
Energy-Harvesting Textiles,"Fabrics embedded with materials that generate power from motion, light, or heat.",Technological & Engineering Innovations,energy-harvesting-textiles
Solar Paint and Photovoltaic Coatings,"Surface treatments that generate electricity from sunlight, turning walls and roofs into power sources.",Technological & Engineering Innovations,solar-paint
Genetic Data Privacy Technologies,"Systems that protect personal genomic data using encryption, anonymization, and secure computation.",Technological & Engineering Innovations,genetic-data-privacy
Brain Mapping and Connectome Projects,Large-scale efforts to map neural connections in the brain to understand cognition and disease.,Technological & Engineering Innovations,brain-mapping
AI in Legal and Judicial Systems,"Artificial intelligence used for legal research, predictive rulings, and case analytics.",Technological & Engineering Innovations,ai-in-law
Cyber-Physical Systems (CPS),Integrated systems where physical processes are tightly coupled with computation and networking.,Technological & Engineering Innovations,cyber-physical-systems
Synthetic Embryology,Creation of embryo-like structures from stem cells without fertilization for research and medicine.,Technological & Engineering Innovations,synthetic-embryology
Ambient Computing,Digital environments where computing is embedded into everyday objects and activities seamlessly.,Technological & Engineering Innovations,ambient-computing
Microneedle Drug Delivery,"Painless skin patches that deliver medications using microscopic needles, improving compliance and safety.",Technological & Engineering Innovations,microneedle-drug-delivery
Smart Dust and Micro Sensors,"Tiny sensors dispersed in environments to monitor temperature, movement, or pollution.",Technological & Engineering Innovations,smart-dust
The Smartphone and Mobile Computing,"The integration of telecommunication, computing, and internet access into portable devices, revolutionizing communication and access to digital services.",Technological & Engineering Innovations,smartphone-and-mobile-computing
The Rise of Social Media Platforms,"Web-based platforms that allow users to create, share, and interact with content and social networks, transforming communication, news, and marketing.",Technological & Engineering Innovations,social-media-platforms
Cloud Computing and Virtualization,"Delivery of computing services such as storage, processing, and networking over the internet, allowing scalable and on-demand access to resources.",Technological & Engineering Innovations,cloud-computing-and-virtualization
The Development of Artificial Intelligence,"The creation of machines and algorithms capable of simulating human intelligence, enabling learning, reasoning, and decision-making.",Technological & Engineering Innovations,development-of-artificial-intelligence
Neural Networks and Deep Learning,"A subset of machine learning based on artificial neural networks, enabling advanced pattern recognition and data analysis.",Technological & Engineering Innovations,neural-networks-and-deep-learning
The Blockchain and Cryptocurrency Innovations,"Decentralized digital ledger technologies enabling secure, transparent transactions and the emergence of cryptocurrencies like Bitcoin.",Technological & Engineering Innovations,blockchain-and-cryptocurrency
The 3D Printing Revolution,"Additive manufacturing process that creates three-dimensional objects layer by layer from digital models, transforming prototyping and production.",Technological & Engineering Innovations,3d-printing-revolution
Quantum Computing and Qubits,"Computation using quantum-mechanical phenomena, offering exponential speed-ups over classical computers for certain problems.",Technological & Engineering Innovations,quantum-computing-and-qubits
The Internet of Things (IoT),"Network of interconnected physical devices embedded with sensors and software, enabling automation and smart environments.",Technological & Engineering Innovations,internet-of-things-iot
Augmented Reality and Virtual Reality,Technologies that overlay digital information onto the physical world (AR) or immerse users in a simulated environment (VR).,Technological & Engineering Innovations,augmented-and-virtual-reality
Nanotechnology and Molecular Engineering,"Manipulation of matter at the nanoscale for applications in medicine, electronics, and materials science.",Technological & Engineering Innovations,nanotechnology-and-molecular-engineering
Robotics and Automation Systems,Design and application of robots to perform tasks autonomously or semi-autonomously in industrial and personal settings.,Technological & Engineering Innovations,robotics-and-automation-systems
Self-Driving Cars and Autonomous Vehicles,"Vehicles equipped with sensors and AI capable of navigating without human input, transforming transportation.",Technological & Engineering Innovations,self-driving-cars
Electric Vehicles and Battery Innovations,"Transportation powered by electricity, supported by advancements in energy storage and battery technologies.",Technological & Engineering Innovations,electric-vehicles-and-batteries
The Hyperloop and High-Speed Rail Innovations,Advanced transportation concepts focused on ultra-fast ground travel through vacuum tubes or magnetic levitation.,Technological & Engineering Innovations,hyperloop-and-high-speed-rail
Drone Technology and UAV Systems,"Unmanned aerial vehicles used in surveillance, delivery, and recreational applications, with increasing autonomy and capability.",Technological & Engineering Innovations,drone-technology
SpaceX and Commercial Spaceflight,"Privatization and commercialization of space travel, reducing launch costs and advancing human space exploration.",Technological & Engineering Innovations,spacex-and-commercial-spaceflight
Reusable Rocket Technology,"Launch systems designed to be recovered and reused, significantly lowering the cost of space missions.",Technological & Engineering Innovations,reusable-rocket-technology
AI-Powered Assistants and Smart Devices,"Digital assistants like Siri and Alexa that use AI to perform tasks, answer questions, and manage devices.",Technological & Engineering Innovations,ai-powered-assistants
Smart Cities and Urban Automation,"Use of digital technologies to manage urban services and infrastructure, enhancing efficiency and quality of life.",Technological & Engineering Innovations,smart-cities
Advanced Materials and Graphene Research,"Development of novel materials like graphene with exceptional strength, conductivity, and applications in diverse fields.",Technological & Engineering Innovations,advanced-materials-and-graphene
Bioprinting and Organ Regeneration,"3D printing of biological tissues and organs using living cells, revolutionizing medicine and transplantation.",Technological & Engineering Innovations,bioprinting-and-organ-regeneration
CRISPR Gene Editing,"Precise genetic modification technique enabling targeted changes to DNA, with profound implications for medicine and agriculture.",Technological & Engineering Innovations,crispr-gene-editing
Personalized Medicine and Genomics,"Medical treatments tailored to individual genetic profiles, improving efficacy and reducing side effects.",Technological & Engineering Innovations,personalized-medicine-and-genomics
Synthetic Biology and Bioengineering,"Engineering of biological systems and organisms for useful purposes, blending biology with design principles.",Technological & Engineering Innovations,synthetic-biology-and-bioengineering
Lab-Grown Meat and Alternative Proteins,Cultivation of meat from animal cells and development of plant-based proteins to address food sustainability.,Technological & Engineering Innovations,lab-grown-meat
Precision Agriculture and Smart Farming,"Use of data analytics, sensors, and AI to optimize farming practices, increasing yield and resource efficiency.",Technological & Engineering Innovations,precision-agriculture
Vertical Farming and Hydroponics,"Urban agriculture techniques that grow crops in stacked layers or without soil, enabling sustainable food production.",Technological & Engineering Innovations,vertical-farming-and-hydroponics
Desalination and Water Purification Innovations,"Technologies that convert seawater into freshwater or purify contaminated sources, addressing global water scarcity.",Technological & Engineering Innovations,desalination-and-water-purification
Waste-to-Energy Technologies,"Conversion of waste materials into usable energy, reducing landfill use and generating power.",Technological & Engineering Innovations,waste-to-energy-technologies
Carbon Capture and Sequestration,"Methods to trap and store carbon dioxide emissions, mitigating climate change impacts.",Technological & Engineering Innovations,carbon-capture-and-sequestration
Hydrogen Fuel Cells and Alternative Energy,"Energy systems that produce electricity through chemical reactions using hydrogen, offering clean alternatives.",Technological & Engineering Innovations,hydrogen-fuel-cells
Smart Grid and Energy Storage Solutions,"Electricity networks with real-time monitoring and storage, improving reliability and integrating renewables.",Technological & Engineering Innovations,smart-grid-and-energy-storage
Wireless Power Transfer and Inductive Charging,"Techniques to transmit electricity without physical connectors, enabling convenient charging of devices.",Technological & Engineering Innovations,wireless-power-transfer
High-Temperature Superconductors,"Materials that conduct electricity without resistance at relatively high temperatures, with applications in power and magnets.",Technological & Engineering Innovations,high-temperature-superconductors
The James Webb Space Telescope,Next-generation space observatory providing deep infrared imaging of the early universe and exoplanets.,Technological & Engineering Innovations,james-webb-space-telescope
Smart Wearables and Health Monitoring,Devices like fitness trackers and smartwatches that monitor health metrics and enhance personal wellness.,Technological & Engineering Innovations,smart-wearables
Brain-Computer Interfaces,"Systems enabling direct communication between the brain and external devices, with potential for restoration and enhancement.",Technological & Engineering Innovations,brain-computer-interfaces
Human Augmentation and Cybernetic Enhancements,"Technologies that extend human capabilities through prosthetics, implants, and exoskeletons.",Technological & Engineering Innovations,human-augmentation
Neuralink and Brain Implant Research,Elon Musk's venture into creating high-bandwidth brain-machine interfaces for enhanced cognition and communication.,Technological & Engineering Innovations,neuralink-and-brain-implants
The Rise of Smart Textiles,"Fabrics embedded with sensors and electronics for health monitoring, fashion, and communication.",Technological & Engineering Innovations,smart-textiles
Gesture Recognition and Haptic Feedback,"Interfaces that detect user movements and provide tactile responses, improving interactivity and control.",Technological & Engineering Innovations,gesture-recognition-and-haptics
Quantum Cryptography and Secure Communication,Use of quantum mechanics to enable theoretically unbreakable encryption and data transmission.,Technological & Engineering Innovations,quantum-cryptography
Advanced Prosthetics and Bionics,Highly functional artificial limbs and organs integrated with user control systems for mobility and restoration.,Technological & Engineering Innovations,advanced-prosthetics
Smart Contact Lenses and Retinal Displays,"Miniaturized electronics embedded in lenses to display information, monitor health, or enhance vision.",Technological & Engineering Innovations,smart-contact-lenses
Antimicrobial Coatings and Self-Cleaning Surfaces,"Surfaces engineered to resist bacteria and dirt accumulation, promoting hygiene and reducing maintenance.",Technological & Engineering Innovations,antimicrobial-coatings
Soft Robotics and Bio-Inspired Machines,"Flexible robots inspired by biological organisms, capable of gentle manipulation and adaptability.",Technological & Engineering Innovations,soft-robotics
Plasma-Based Propulsion and Space Travel Innovations,"Advanced spacecraft propulsion using ionized gases, offering higher efficiency for interplanetary travel.",Technological & Engineering Innovations,plasma-based-propulsion
Terraforming and Planetary Engineering Concepts,Hypothetical large-scale processes to modify a planet's environment to make it habitable for humans.,Technological & Engineering Innovations,terraforming-and-planetary-engineering
The Future of AI-Driven Scientific Discovery,"Using artificial intelligence to generate hypotheses, analyze data, and accelerate research in science.",Technological & Engineering Innovations,ai-driven-scientific-discovery
The Invention of the Wheel,A pivotal early technology enabling transport and machinery through circular motion.,Technological & Engineering Innovations,the-invention-of-the-wheel
Lever and Pulley Mechanisms,Simple machines that allow the manipulation of heavy loads with mechanical advantage.,Technological & Engineering Innovations,lever-and-pulley-mechanisms
Archimedean Screw,"An ancient device used to raise water, attributed to Archimedes.",Technological & Engineering Innovations,archimedean-screw
The Discovery of Fire Control,"The harnessing and management of fire for cooking, warmth, and protection.",Technological & Engineering Innovations,the-discovery-of-fire-control
Early Metallurgy (Bronze and Iron Ages),Techniques for extracting and shaping metals like bronze and iron.,Technological & Engineering Innovations,early-metallurgy-bronze-and-iron-ages
The Printing Press (Johannes Gutenberg),A mechanical device that revolutionized information dissemination via movable type.,Technological & Engineering Innovations,the-printing-press-johannes-gutenberg
Papermaking and Early Writing Systems,Technologies that enabled durable recording and communication of language.,Technological & Engineering Innovations,papermaking-and-early-writing-systems
The Compass and Navigation Tools,"Magnetic instruments that enabled directional orientation, revolutionizing travel.",Technological & Engineering Innovations,the-compass-and-navigation-tools
The Astrolabe and Celestial Navigation,Instruments used to determine latitude based on the position of celestial bodies.,Technological & Engineering Innovations,the-astrolabe-and-celestial-navigation
The Sundial and Early Timekeeping,Tools using the sun’s shadow to measure the passage of time.,Technological & Engineering Innovations,the-sundial-and-early-timekeeping
Watermills and Windmills,Mechanisms converting water or wind energy into mechanical power.,Technological & Engineering Innovations,watermills-and-windmills
The Steam Engine (James Watt),"A machine that converts steam pressure into mechanical work, key to the Industrial Revolution.",Technological & Engineering Innovations,the-steam-engine-james-watt
The Spinning Jenny and Textile Innovations,"Devices that automated the spinning of thread, advancing textile production.",Technological & Engineering Innovations,the-spinning-jenny-and-textile-innovations
The Jacquard Loom and Early Programmability,"A loom that used punch cards, an early form of programmable technology.",Technological & Engineering Innovations,the-jacquard-loom-and-early-programmability
The Telegraph and Morse Code,Electrical communication system using coded pulses to transmit messages.,Technological & Engineering Innovations,the-telegraph-and-morse-code
The Transatlantic Cable,A cable laid across the Atlantic Ocean enabling instant communication between continents.,Technological & Engineering Innovations,the-transatlantic-cable
The Telephone (Alexander Graham Bell),Device enabling voice transmission over electrical wires.,Technological & Engineering Innovations,the-telephone-alexander-graham-bell
The Phonograph (Thomas Edison),An early sound recording and playback device.,Technological & Engineering Innovations,the-phonograph-thomas-edison
The Light Bulb and Electrical Grid,Electric lighting combined with widespread power distribution systems.,Technological & Engineering Innovations,the-light-bulb-and-electrical-grid
The First Camera and Photography,Devices and chemical processes that capture images onto a medium.,Technological & Engineering Innovations,the-first-camera-and-photography
Early Film and Motion Pictures,Technology for recording and projecting moving images.,Technological & Engineering Innovations,early-film-and-motion-pictures
The Internal Combustion Engine,Engine that burns fuel internally to produce mechanical power.,Technological & Engineering Innovations,the-internal-combustion-engine
The Development of Automobiles,Self-powered road vehicles transforming transportation.,Technological & Engineering Innovations,the-development-of-automobiles
The First Airplane (Wright Brothers),"The first powered, sustained, and controlled flight of a heavier-than-air aircraft.",Technological & Engineering Innovations,the-first-airplane-wright-brothers
The Bicycle and Personal Transportation,A manually powered two-wheeled vehicle enabling individual mobility.,Technological & Engineering Innovations,the-bicycle-and-personal-transportation
Railroads and Steam Locomotives,Track-based transport using steam-powered engines.,Technological & Engineering Innovations,railroads-and-steam-locomotives
The Electric Motor,Device converting electrical energy into mechanical motion.,Technological & Engineering Innovations,the-electric-motor
The Alternating Current (AC) Power System (Nikola Tesla),System of electrical distribution that allows efficient long-distance transmission.,Technological & Engineering Innovations,the-alternating-current-ac-power-system-nikola-tesla
The Radio and Wireless Communication,Technology transmitting information without physical connectors.,Technological & Engineering Innovations,the-radio-and-wireless-communication
Radar and Sonar Technology,Technologies using waves to detect and locate objects at distance.,Technological & Engineering Innovations,radar-and-sonar-technology
The Discovery of X-Rays,High-frequency electromagnetic waves capable of imaging internal structures.,Technological & Engineering Innovations,the-discovery-of-x-rays
The Electron Microscope,A microscope using electrons for high-resolution imaging of small specimens.,Technological & Engineering Innovations,the-electron-microscope
Early Rocketry and Space Travel,Initial efforts at propulsion systems capable of exiting Earth’s atmosphere.,Technological & Engineering Innovations,early-rocketry-and-space-travel
The First Satellites (Sputnik),Man-made objects placed in orbit around Earth for communication and observation.,Technological & Engineering Innovations,the-first-satellites-sputnik
The Apollo Moon Landing Program,NASA-led space missions that landed humans on the moon.,Technological & Engineering Innovations,the-apollo-moon-landing-program
The Development of GPS Technology,Satellite-based location and timing system used globally.,Technological & Engineering Innovations,the-development-of-gps-technology
Nuclear Power and Fission Reactors,Energy systems that harness nuclear fission to generate electricity.,Technological & Engineering Innovations,nuclear-power-and-fission-reactors
Early Solar Panel Innovations,Devices that convert sunlight into electricity through photovoltaic effect.,Technological & Engineering Innovations,early-solar-panel-innovations
Hydroelectric Dams and Power Stations,Facilities generating electricity from falling or flowing water.,Technological & Engineering Innovations,hydroelectric-dams-and-power-stations
Wind Turbine Technology,Machines converting wind energy into electrical power.,Technological & Engineering Innovations,wind-turbine-technology
The First Digital Computer (ENIAC),Early general-purpose electronic digital computer.,Technological & Engineering Innovations,the-first-digital-computer-eniac
The Turing Machine and Early Computing Concepts,Theoretical device modeling the logic of computer algorithms.,Technological & Engineering Innovations,the-turing-machine-and-early-computing-concepts
The Development of Transistors,Semiconductor devices used to amplify and switch electronic signals.,Technological & Engineering Innovations,the-development-of-transistors
The Integrated Circuit,Microelectronic devices combining multiple transistors into one unit.,Technological & Engineering Innovations,the-integrated-circuit
The Microprocessor Revolution,Miniaturized computing units that drive modern electronics.,Technological & Engineering Innovations,the-microprocessor-revolution
The Personal Computer Revolution,The emergence of individual-use computing devices.,Technological & Engineering Innovations,the-personal-computer-revolution
The World Wide Web and Internet,Global system of interconnected computer networks and websites.,Technological & Engineering Innovations,the-world-wide-web-and-internet
Email and Early Digital Communication,Electronic mail systems allowing fast and remote message delivery.,Technological & Engineering Innovations,email-and-early-digital-communication
Search Engines and Web Indexing,Tools to retrieve information from the internet efficiently.,Technological & Engineering Innovations,search-engines-and-web-indexing
E-Commerce and Online Marketplaces,Digital platforms enabling buying and selling of goods and services.,Technological & Engineering Innovations,e-commerce-and-online-marketplaces
The Smartphone and Mobile Computing,"Compact, multifunctional mobile devices enabling computing on the go.",Technological & Engineering Innovations,the-smartphone-and-mobile-computing

The Smartphone and Mobile Computing,"The integration of telecommunication, computing, and internet access into portable devices, revolutionizing communication and access to digital services.",Technological & Engineering Innovations,smartphone-and-mobile-computing
The Rise of Social Media Platforms,"Web-based platforms that allow users to create, share, and interact with content and social networks, transforming communication, news, and marketing.",Technological & Engineering Innovations,social-media-platforms
Cloud Computing and Virtualization,"Delivery of computing services such as storage, processing, and networking over the internet, allowing scalable and on-demand access to resources.",Technological & Engineering Innovations,cloud-computing-and-virtualization
The Development of Artificial Intelligence,"The creation of machines and algorithms capable of simulating human intelligence, enabling learning, reasoning, and decision-making.",Technological & Engineering Innovations,development-of-artificial-intelligence
Neural Networks and Deep Learning,"A subset of machine learning based on artificial neural networks, enabling advanced pattern recognition and data analysis.",Technological & Engineering Innovations,neural-networks-and-deep-learning
The Blockchain and Cryptocurrency Innovations,"Decentralized digital ledger technologies enabling secure, transparent transactions and the emergence of cryptocurrencies like Bitcoin.",Technological & Engineering Innovations,blockchain-and-cryptocurrency
The 3D Printing Revolution,"Additive manufacturing process that creates three-dimensional objects layer by layer from digital models, transforming prototyping and production.",Technological & Engineering Innovations,3d-printing-revolution
Quantum Computing and Qubits,"Computation using quantum-mechanical phenomena, offering exponential speed-ups over classical computers for certain problems.",Technological & Engineering Innovations,quantum-computing-and-qubits
The Internet of Things (IoT),"Network of interconnected physical devices embedded with sensors and software, enabling automation and smart environments.",Technological & Engineering Innovations,internet-of-things-iot
Augmented Reality and Virtual Reality,Technologies that overlay digital information onto the physical world (AR) or immerse users in a simulated environment (VR).,Technological & Engineering Innovations,augmented-and-virtual-reality
Nanotechnology and Molecular Engineering,"Manipulation of matter at the nanoscale for applications in medicine, electronics, and materials science.",Technological & Engineering Innovations,nanotechnology-and-molecular-engineering
Robotics and Automation Systems,Design and application of robots to perform tasks autonomously or semi-autonomously in industrial and personal settings.,Technological & Engineering Innovations,robotics-and-automation-systems
Self-Driving Cars and Autonomous Vehicles,"Vehicles equipped with sensors and AI capable of navigating without human input, transforming transportation.",Technological & Engineering Innovations,self-driving-cars
Electric Vehicles and Battery Innovations,"Transportation powered by electricity, supported by advancements in energy storage and battery technologies.",Technological & Engineering Innovations,electric-vehicles-and-batteries
The Hyperloop and High-Speed Rail Innovations,Advanced transportation concepts focused on ultra-fast ground travel through vacuum tubes or magnetic levitation.,Technological & Engineering Innovations,hyperloop-and-high-speed-rail
Drone Technology and UAV Systems,"Unmanned aerial vehicles used in surveillance, delivery, and recreational applications, with increasing autonomy and capability.",Technological & Engineering Innovations,drone-technology
SpaceX and Commercial Spaceflight,"Privatization and commercialization of space travel, reducing launch costs and advancing human space exploration.",Technological & Engineering Innovations,spacex-and-commercial-spaceflight
Reusable Rocket Technology,"Launch systems designed to be recovered and reused, significantly lowering the cost of space missions.",Technological & Engineering Innovations,reusable-rocket-technology
AI-Powered Assistants and Smart Devices,"Digital assistants like Siri and Alexa that use AI to perform tasks, answer questions, and manage devices.",Technological & Engineering Innovations,ai-powered-assistants
Smart Cities and Urban Automation,"Use of digital technologies to manage urban services and infrastructure, enhancing efficiency and quality of life.",Technological & Engineering Innovations,smart-cities
Advanced Materials and Graphene Research,"Development of novel materials like graphene with exceptional strength, conductivity, and applications in diverse fields.",Technological & Engineering Innovations,advanced-materials-and-graphene
Bioprinting and Organ Regeneration,"3D printing of biological tissues and organs using living cells, revolutionizing medicine and transplantation.",Technological & Engineering Innovations,bioprinting-and-organ-regeneration
CRISPR Gene Editing,"Precise genetic modification technique enabling targeted changes to DNA, with profound implications for medicine and agriculture.",Technological & Engineering Innovations,crispr-gene-editing
Personalized Medicine and Genomics,"Medical treatments tailored to individual genetic profiles, improving efficacy and reducing side effects.",Technological & Engineering Innovations,personalized-medicine-and-genomics
Synthetic Biology and Bioengineering,"Engineering of biological systems and organisms for useful purposes, blending biology with design principles.",Technological & Engineering Innovations,synthetic-biology-and-bioengineering
Lab-Grown Meat and Alternative Proteins,Cultivation of meat from animal cells and development of plant-based proteins to address food sustainability.,Technological & Engineering Innovations,lab-grown-meat
Precision Agriculture and Smart Farming,"Use of data analytics, sensors, and AI to optimize farming practices, increasing yield and resource efficiency.",Technological & Engineering Innovations,precision-agriculture
Vertical Farming and Hydroponics,"Urban agriculture techniques that grow crops in stacked layers or without soil, enabling sustainable food production.",Technological & Engineering Innovations,vertical-farming-and-hydroponics
Desalination and Water Purification Innovations,"Technologies that convert seawater into freshwater or purify contaminated sources, addressing global water scarcity.",Technological & Engineering Innovations,desalination-and-water-purification
Waste-to-Energy Technologies,"Conversion of waste materials into usable energy, reducing landfill use and generating power.",Technological & Engineering Innovations,waste-to-energy-technologies
Carbon Capture and Sequestration,"Methods to trap and store carbon dioxide emissions, mitigating climate change impacts.",Technological & Engineering Innovations,carbon-capture-and-sequestration
Hydrogen Fuel Cells and Alternative Energy,"Energy systems that produce electricity through chemical reactions using hydrogen, offering clean alternatives.",Technological & Engineering Innovations,hydrogen-fuel-cells
Smart Grid and Energy Storage Solutions,"Electricity networks with real-time monitoring and storage, improving reliability and integrating renewables.",Technological & Engineering Innovations,smart-grid-and-energy-storage
Wireless Power Transfer and Inductive Charging,"Techniques to transmit electricity without physical connectors, enabling convenient charging of devices.",Technological & Engineering Innovations,wireless-power-transfer
High-Temperature Superconductors,"Materials that conduct electricity without resistance at relatively high temperatures, with applications in power and magnets.",Technological & Engineering Innovations,high-temperature-superconductors
The James Webb Space Telescope,Next-generation space observatory providing deep infrared imaging of the early universe and exoplanets.,Technological & Engineering Innovations,james-webb-space-telescope
Smart Wearables and Health Monitoring,Devices like fitness trackers and smartwatches that monitor health metrics and enhance personal wellness.,Technological & Engineering Innovations,smart-wearables
Brain-Computer Interfaces,"Systems enabling direct communication between the brain and external devices, with potential for restoration and enhancement.",Technological & Engineering Innovations,brain-computer-interfaces
Human Augmentation and Cybernetic Enhancements,"Technologies that extend human capabilities through prosthetics, implants, and exoskeletons.",Technological & Engineering Innovations,human-augmentation
Neuralink and Brain Implant Research,Elon Musk's venture into creating high-bandwidth brain-machine interfaces for enhanced cognition and communication.,Technological & Engineering Innovations,neuralink-and-brain-implants
The Rise of Smart Textiles,"Fabrics embedded with sensors and electronics for health monitoring, fashion, and communication.",Technological & Engineering Innovations,smart-textiles
Gesture Recognition and Haptic Feedback,"Interfaces that detect user movements and provide tactile responses, improving interactivity and control.",Technological & Engineering Innovations,gesture-recognition-and-haptics
Quantum Cryptography and Secure Communication,Use of quantum mechanics to enable theoretically unbreakable encryption and data transmission.,Technological & Engineering Innovations,quantum-cryptography
Advanced Prosthetics and Bionics,Highly functional artificial limbs and organs integrated with user control systems for mobility and restoration.,Technological & Engineering Innovations,advanced-prosthetics
Smart Contact Lenses and Retinal Displays,"Miniaturized electronics embedded in lenses to display information, monitor health, or enhance vision.",Technological & Engineering Innovations,smart-contact-lenses
Antimicrobial Coatings and Self-Cleaning Surfaces,"Surfaces engineered to resist bacteria and dirt accumulation, promoting hygiene and reducing maintenance.",Technological & Engineering Innovations,antimicrobial-coatings
Soft Robotics and Bio-Inspired Machines,"Flexible robots inspired by biological organisms, capable of gentle manipulation and adaptability.",Technological & Engineering Innovations,soft-robotics
Plasma-Based Propulsion and Space Travel Innovations,"Advanced spacecraft propulsion using ionized gases, offering higher efficiency for interplanetary travel.",Technological & Engineering Innovations,plasma-based-propulsion
Terraforming and Planetary Engineering Concepts,Hypothetical large-scale processes to modify a planet's environment to make it habitable for humans.,Technological & Engineering Innovations,terraforming-and-planetary-engineering
The Future of AI-Driven Scientific Discovery,"Using artificial intelligence to generate hypotheses, analyze data, and accelerate research in science.",Technological & Engineering Innovations,ai-driven-scientific-discovery
