name,definition,category,slug
Monarchy,"A government ruled by a king or queen, often hereditary.",Political Systems & Governance,monarchy
Republic,A political system where power rests with elected representatives.,Political Systems & Governance,republic
Democracy,"A system of government by the whole population, usually through elected representatives.",Political Systems & Governance,democracy
Theocracy,A government system ruled by religious leaders or divine guidance.,Political Systems & Governance,theocracy
Oligarchy,"A government controlled by a small, powerful group.",Political Systems & Governance,oligarchy
Aristocracy,A form of government in which power is held by the nobility.,Political Systems & Governance,aristocracy
Tyranny,"Oppressive rule by a single, often cruel, authority.",Political Systems & Governance,tyranny
Feudalism,A medieval system based on land ownership and obligations.,Political Systems & Governance,feudalism
Federalism,A system where power is divided between a central and regional governments.,Political Systems & Governance,federalism
Anarchy,The absence of formal government or authority.,Political Systems & Governance,anarchy
Constitutional Monarchy,A monarchy limited by laws or a constitution.,Political Systems & Governance,constitutional-monarchy
Totalitarianism,A centralized government that seeks to control all aspects of life.,Political Systems & Governance,totalitarianism
Authoritarianism,Strong central power with limited political freedoms.,Political Systems & Governance,authoritarianism
Parliamentary System,A democratic form where the executive derives authority from the legislature.,Political Systems & Governance,parliamentary-system
Presidential System,A government led by a president who is separate from the legislature.,Political Systems & Governance,presidential-system
Autocracy,A system of government by one person with absolute power.,Political Systems & Governance,autocracy
Plutocracy,A society ruled or controlled by the wealthy.,Political Systems & Governance,plutocracy
Technocracy,Government by technical experts.,Political Systems & Governance,technocracy
Populism,Political ideas aiming to represent the common people.,Political Systems & Governance,populism
Nationalism,Loyalty and devotion to one's nation.,Political Systems & Governance,nationalism
Imperialism,A policy of extending a country’s power through colonization or conquest.,Political Systems & Governance,imperialism
Colonialism,"Control of one nation by another, often by settlement or exploitation.",Political Systems & Governance,colonialism
Neo-Colonialism,Indirect control through economic or political pressure.,Political Systems & Governance,neo-colonialism
Socialism,A political theory advocating state or collective ownership of production.,Political Systems & Governance,socialism
Communism,A classless system where property is owned communally.,Political Systems & Governance,communism
Capitalism,An economic system based on private ownership and free markets.,Political Systems & Governance,capitalism
Liberal Democracy,A representative democracy with protections for individual freedoms.,Political Systems & Governance,liberal-democracy
Direct Democracy,A system where citizens vote directly on laws.,Political Systems & Governance,direct-democracy
Military Junta,A government led by military officers.,Political Systems & Governance,military-junta
Illiberal Democracy,A regime with elections but lacking civil liberties.,Political Systems & Governance,illiberal-democracy
Single-party State,A system where only one political party is allowed to govern.,Political Systems & Governance,single-party-state
Multi-party System,A system with multiple political parties competing for power.,Political Systems & Governance,multi-party-system
Coalition Government,A government formed by multiple political parties sharing power.,Political Systems & Governance,coalition-government
Rule of Law,The principle that all members of society are equally subject to the law.,Political Systems & Governance,rule-of-law
Checks and Balances,Mechanisms to prevent one branch of government from becoming too powerful.,Political Systems & Governance,checks-and-balances
Separation of Powers,Division of government responsibilities into distinct branches.,Political Systems & Governance,separation-of-powers
Judicial Review,The power of courts to invalidate laws conflicting with a constitution.,Political Systems & Governance,judicial-review
Electoral College,A body of representatives that formally elects the president.,Political Systems & Governance,electoral-college
Participatory Democracy,A model emphasizing broad participation in political decision-making.,Political Systems & Governance,participatory-democracy
Deliberative Democracy,A system focused on reasoned debate before decisions are made.,Political Systems & Governance,deliberative-democracy
Majoritarianism,The majority’s preference takes precedence in governance.,Political Systems & Governance,majoritarianism
Consensus Democracy,A system aiming for broad agreement among diverse groups.,Political Systems & Governance,consensus-democracy
Bureaucracy,A system of administration marked by officialism and fixed rules.,Political Systems & Governance,bureaucracy
Civic Virtue,Moral standards expected of citizens in a republic.,Political Systems & Governance,civic-virtue
Democratic Centralism,A Leninist principle combining central leadership with internal democracy.,Political Systems & Governance,democratic-centralism
One-man Rule,A government dominated by a single individual.,Political Systems & Governance,one-man-rule
Hybrid Regime,A government combining democratic and authoritarian elements.,Political Systems & Governance,hybrid-regime
Digital Governance,Use of technology in delivering government services.,Political Systems & Governance,digital-governance
Cyber Democracy,Digital platforms enabling political participation.,Political Systems & Governance,cyber-democracy
Representative Democracy,A form of democracy where citizens elect officials to make decisions on their behalf.,Political Systems & Governance,representative-democracy
Absolute Monarchy,A monarchy where the ruler holds supreme authority not restricted by laws or legislature.,Political Systems & Governance,absolute-monarchy
Martial Law,Temporary rule by military authorities during emergencies or unrest.,Political Systems & Governance,martial-law
Suffrage,The right to vote in political elections.,Political Systems & Governance,suffrage
Habeas Corpus,A legal principle that protects individuals from unlawful detention.,Political Systems & Governance,habeas-corpus
Civil Liberties,Fundamental rights and freedoms protected from government interference.,Political Systems & Governance,civil-liberties
Electoral System,The method by which votes are counted and representatives are selected.,Political Systems & Governance,electoral-system
Parliament,A legislative body responsible for making laws and overseeing the government.,Political Systems & Governance,parliament
Legitimacy,"The recognized right to rule, often derived from law, tradition, or consent.",Political Systems & Governance,legitimacy
Devolution,The transfer of powers from a central government to regional or local governments.,Political Systems & Governance,devolution
Nation-State,A sovereign state whose citizens share common cultural or national identity.,Political Systems & Governance,nation-state
Autonomous Region,A region with a degree of self-governance separate from the central authority.,Political Systems & Governance,autonomous-region
Civil Society,Organizations and institutions that operate independently of the government.,Political Systems & Governance,civil-society
Judiciary,The branch of government responsible for interpreting laws and administering justice.,Political Systems & Governance,judiciary
Legislature,The branch of government that creates laws.,Political Systems & Governance,legislature
Executive Branch,The part of government responsible for implementing laws and managing operations.,Political Systems & Governance,executive-branch
Unicameral Legislature,A legislative body with a single chamber.,Political Systems & Governance,unicameral-legislature
Bicameral Legislature,A legislature composed of two separate chambers or houses.,Political Systems & Governance,bicameral-legislature
Government Accountability,The obligation of officials to be answerable for their actions.,Political Systems & Governance,government-accountability
Transparency,Openness in government operations and decision-making.,Political Systems & Governance,transparency
Constitution,A foundational legal document outlining a government’s structure and principles.,Political Systems & Governance,constitution
Amendment,A formal change or addition proposed or made to a constitution or law.,Political Systems & Governance,amendment
Petition,A formal written request to an authority for action or redress.,Political Systems & Governance,petition
Civil Disobedience,Refusal to obey certain laws as a peaceful form of political protest.,Political Systems & Governance,civil-disobedience
Judicial Independence,The principle that the judiciary should be free from external influence.,Political Systems & Governance,judicial-independence
Recall Election,A process by which voters can remove an elected official from office.,Political Systems & Governance,recall-election
Referendum,A direct vote by the electorate on a specific proposal or issue.,Political Systems & Governance,referendum
Initiative,A process allowing citizens to propose laws or amendments for a public vote.,Political Systems & Governance,initiative
Constituency,A body of voters in a specified area who elect a representative.,Political Systems & Governance,constituency
Gerrymandering,Manipulating electoral district boundaries to favor a political party.,Political Systems & Governance,gerrymandering
Impeachment,The process of charging a public official with misconduct.,Political Systems & Governance,impeachment
Veto Power,The authority to reject a decision or proposal made by a law-making body.,Political Systems & Governance,veto-power
Cabinet,"A group of high-ranking government officials, typically heading executive departments.",Political Systems & Governance,cabinet
Shadow Cabinet,A group of opposition members who scrutinize and propose alternatives to current policies.,Political Systems & Governance,shadow-cabinet
Political Party,An organized group seeking to gain power through elections.,Political Systems & Governance,political-party
Party Platform,A set of principles and policies endorsed by a political party.,Political Systems & Governance,party-platform
Campaign Finance,Funds raised and spent to influence political campaigns.,Political Systems & Governance,campaign-finance
Lobbying,Attempting to influence government decisions by advocacy groups.,Political Systems & Governance,lobbying
Term Limit,A legal restriction on the number of terms an elected official can serve.,Political Systems & Governance,term-limit
Incumbent,A person currently holding a political office.,Political Systems & Governance,incumbent
Opposition,Political parties or groups that challenge the policies of those in power.,Political Systems & Governance,opposition
Non-Governmental Organization,An independent group that addresses social or political issues.,Political Systems & Governance,non-governmental-organization
Public Policy,The principles guiding government action and decisions.,Political Systems & Governance,public-policy
Administrative Law,Legal rules governing the actions of government agencies.,Political Systems & Governance,administrative-law
State of Emergency,A condition allowing the government to take extraordinary actions.,Political Systems & Governance,state-of-emergency
Whistleblower,A person who exposes wrongdoing within an organization.,Political Systems & Governance,whistleblower
Transparency International,A global NGO fighting corruption and promoting accountability.,Political Systems & Governance,transparency-international
Universal Suffrage,"The right of all adult citizens to vote, regardless of status.",Political Systems & Governance,universal-suffrage
Proportional Representation,An electoral system where seats are allocated based on vote share.,Political Systems & Governance,proportional-representation
First-Past-the-Post,An electoral system where the candidate with the most votes wins.,Political Systems & Governance,first-past-the-post
Decree,An official order issued by a legal authority.,Political Systems & Governance,decree
Plebiscite,A direct vote by the electorate on an important public question.,Political Systems & Governance,plebiscite
Mandate,"An official order or commission to do something, especially in governance.",Political Systems & Governance,mandate
Coup d'état,"A sudden, violent overthrow of an existing government.",Political Systems & Governance,coup-d-tat
Political Ideology,A set of beliefs about the best political system or policy approach.,Political Systems & Governance,political-ideology
Power Vacuum,A condition where there is no clear authority or leadership.,Political Systems & Governance,power-vacuum
Bureaucratic State,A state characterized by a rigid and complex administrative system.,Political Systems & Governance,bureaucratic-state
Patronage,The power to give government jobs to supporters and allies.,Political Systems & Governance,patronage
Incumbency Advantage,The benefit enjoyed by existing office holders during elections.,Political Systems & Governance,incumbency-advantage
Factionalism,Internal divisions within a political party or movement.,Political Systems & Governance,factionalism
Caucus,A meeting of party members to select candidates or decide policy.,Political Systems & Governance,caucus
Ballot Initiative,A process that allows citizens to propose legislation by petition.,Political Systems & Governance,ballot-initiative
Political Gridlock,A situation where differing parties prevent progress in governance.,Political Systems & Governance,political-gridlock
Government Shutdown,A closure of non-essential government services due to lack of funding.,Political Systems & Governance,government-shutdown
Constitutional Crisis,A situation where constitutional provisions are unable to resolve political disputes.,Political Systems & Governance,constitutional-crisis
Ministerial Responsibility,The accountability of ministers to the legislature for their actions.,Political Systems & Governance,ministerial-responsibility
Red Tape,Excessive bureaucracy or adherence to official rules.,Political Systems & Governance,red-tape
Home Rule,Limited self-government granted to a dependent political unit.,Political Systems & Governance,home-rule
Vote of No Confidence,A legislative vote showing that the majority does not support the executive.,Political Systems & Governance,vote-of-no-confidence
Legislative Deadlock,Failure of legislative bodies to agree on proposed laws.,Political Systems & Governance,legislative-deadlock
Political Legitimacy,The rightful authority of a government as accepted by the people.,Political Systems & Governance,political-legitimacy
Political Capital,"The trust, goodwill, and influence a politician has to push policies.",Political Systems & Governance,political-capital
Statutory Law,Laws formally written and enacted by legislative bodies.,Political Systems & Governance,statutory-law
Ordinance,A local law enacted by a municipal government.,Political Systems & Governance,ordinance
Constituent Assembly,A body elected to draft or adopt a new constitution.,Political Systems & Governance,constituent-assembly
Administrative State,A government heavily run through its bureaucratic institutions.,Political Systems & Governance,administrative-state
Policy Window,A moment when conditions allow for significant policy change.,Political Systems & Governance,policy-window
Filibuster,A tactic for delaying legislative action by prolonged speech.,Political Systems & Governance,filibuster
Quorum,The minimum number of members required to conduct official business.,Political Systems & Governance,quorum
Political Efficacy,Belief that one’s political participation makes a difference.,Political Systems & Governance,political-efficacy
Political Polarization,Sharp division of political attitudes to ideological extremes.,Political Systems & Governance,political-polarization
State Sovereignty,The principle that states have the right to govern themselves independently.,Political Systems & Governance,state-sovereignty
Power Sharing,A political arrangement in which different groups share authority.,Political Systems & Governance,power-sharing
Electoral Threshold,The minimum share of votes required to win representation.,Political Systems & Governance,electoral-threshold
Caretaker Government,An interim government managing affairs until a new one is formed.,Political Systems & Governance,caretaker-government
Political Realignment,A major shift in the political system or party dominance.,Political Systems & Governance,political-realignment
Political Dynasty,A family that maintains political power across generations.,Political Systems & Governance,political-dynasty
Constitutional Amendment,A formal change made to a constitution.,Political Systems & Governance,constitutional-amendment
Gubernatorial Power,Authority exercised by a governor.,Political Systems & Governance,gubernatorial-power
Voting Rights,Legal rights protecting individuals' ability to participate in elections.,Political Systems & Governance,voting-rights
Secret Ballot,Voting method ensuring anonymity.,Political Systems & Governance,secret-ballot
Electoral Reform,Changes aimed at improving the electoral process.,Political Systems & Governance,electoral-reform
Public Administration,The implementation of government policy by civil servants.,Political Systems & Governance,public-administration
Pluralism,A political system recognizing diverse interests and groups.,Political Systems & Governance,pluralism
Clientelism,Political support given in exchange for material benefits.,Political Systems & Governance,clientelism
Electoral Integrity,The extent to which elections are free and fair.,Political Systems & Governance,electoral-integrity
Judicial Activism,When judges are perceived to create law through rulings.,Political Systems & Governance,judicial-activism
Legislative Oversight,Legislature’s monitoring of executive branch activities.,Political Systems & Governance,legislative-oversight
State Capture,Corruption where private interests dominate public policy.,Political Systems & Governance,state-capture
Motion of Censure,A formal statement of disapproval toward a government or official.,Political Systems & Governance,motion-of-censure
Political Spectrum,A system for classifying different political positions across ideologies.,Political Systems & Governance,political-spectrum
Left-wing Politics,Political positions that advocate social equality and government intervention.,Political Systems & Governance,left-wing-politics
Right-wing Politics,"Political positions that emphasize tradition, hierarchy, and limited government.",Political Systems & Governance,right-wing-politics
Centrism,Political ideology focused on moderation and avoiding extremes.,Political Systems & Governance,centrism
Progressivism,A philosophy advocating social reform and advancement.,Political Systems & Governance,progressivism
Conservatism,A political philosophy promoting traditional values and institutions.,Political Systems & Governance,conservatism
Libertarianism,An ideology emphasizing individual freedom and limited government.,Political Systems & Governance,libertarianism
Green Politics,A movement focusing on environmental issues and social justice.,Political Systems & Governance,green-politics
Syndicalism,A movement advocating worker control of industry through trade unions.,Political Systems & Governance,syndicalism
Anarcho-Communism,A stateless society based on voluntary cooperation and shared ownership.,Political Systems & Governance,anarcho-communism
Theocratic Republic,A republic governed under religious principles and leaders.,Political Systems & Governance,theocratic-republic
Transitional Government,An interim regime managing state affairs before permanent governance.,Political Systems & Governance,transitional-government
Legalism,A philosophy advocating strict adherence to law as the basis of governance.,Political Systems & Governance,legalism
Electoral Fraud,Illegal interference with the process of an election.,Political Systems & Governance,electoral-fraud
Ballot Access,Rules governing who can appear on election ballots.,Political Systems & Governance,ballot-access
Political Endorsement,A public declaration of support for a candidate or policy.,Political Systems & Governance,political-endorsement
Campaign Strategy,A plan to influence voters and win an election.,Political Systems & Governance,campaign-strategy
Voter Turnout,The percentage of eligible voters who participate in an election.,Political Systems & Governance,voter-turnout
Gag Rule,A regulation preventing open discussion on certain topics in legislative bodies.,Political Systems & Governance,gag-rule
Political Patronage,The practice of rewarding supporters with government positions.,Political Systems & Governance,political-patronage
Power Centralization,The concentration of political authority in a central government.,Political Systems & Governance,power-centralization
Decentralization,The distribution of power from central to local governments.,Political Systems & Governance,decentralization
Statism,The belief in extensive government control of economic and social policy.,Political Systems & Governance,statism
Plurality Voting,An electoral system where the candidate with the most votes wins.,Political Systems & Governance,plurality-voting
Runoff Election,A second election to determine a winner among the top candidates.,Political Systems & Governance,runoff-election
Swing State,A state where political support is evenly divided and unpredictable.,Political Systems & Governance,swing-state
Safe Seat,An electoral district consistently won by the same party or candidate.,Political Systems & Governance,safe-seat
Protest Vote,A vote cast to express dissatisfaction rather than support.,Political Systems & Governance,protest-vote
Compulsory Voting,Legal requirement for eligible citizens to vote.,Political Systems & Governance,compulsory-voting
Electoral College Reform,Proposals to change the method of electing the president.,Political Systems & Governance,electoral-college-reform
Recall Mechanism,A legal process for removing elected officials before term ends.,Political Systems & Governance,recall-mechanism
Spoiler Effect,When a third-party candidate alters the outcome by splitting votes.,Political Systems & Governance,spoiler-effect
Redistricting,"Redrawing electoral district boundaries, often after a census.",Political Systems & Governance,redistricting
Vote Buying,Illegally offering money or gifts in exchange for votes.,Political Systems & Governance,vote-buying
Campaign Trail,The route and events followed by a candidate during election season.,Political Systems & Governance,campaign-trail
Grassroots Movement,A political movement driven by the constituents of a community.,Political Systems & Governance,grassroots-movement
Political Debates,Public discussions between candidates outlining their positions.,Political Systems & Governance,political-debates
Town Hall Meeting,An event where officials meet with constituents to discuss issues.,Political Systems & Governance,town-hall-meeting
Public Opinion Polls,Surveys measuring citizens’ views on political topics.,Political Systems & Governance,public-opinion-polls
Approval Rating,A measure of public support for a political figure.,Political Systems & Governance,approval-rating
Media Bias,The perception or reality of favoritism in news coverage.,Political Systems & Governance,media-bias
Political Satire,Humor used to criticize politics or politicians.,Political Systems & Governance,political-satire
Civil Resistance,"Nonviolent opposition to authority, often for political change.",Political Systems & Governance,civil-resistance
Constitutional Monarchy with Parliament,A monarchy with legislative powers held by an elected body.,Political Systems & Governance,constitutional-monarchy-with-parliament
Electoral Commission,A body overseeing the conduct of elections.,Political Systems & Governance,electoral-commission
Voting Machine,Electronic devices used to record and count votes.,Political Systems & Governance,voting-machine
Political Advertising,Media used to promote political candidates or policies.,Political Systems & Governance,political-advertising
Super PAC,An independent political action committee that can raise unlimited funds.,Political Systems & Governance,super-pac
Dark Money,Political spending by undisclosed donors or sources.,Political Systems & Governance,dark-money
Political Socialization,The process by which individuals acquire political beliefs and values.,Political Systems & Governance,political-socialization
Constitutional Law,Law that defines the structure and function of government institutions.,Political Systems & Governance,constitutional-law
Administrative Reform,Changes aimed at improving efficiency in public administration.,Political Systems & Governance,administrative-reform
Political Equality,The principle that all citizens have equal political rights and influence.,Political Systems & Governance,political-equality
Voter Suppression,Strategies used to prevent or discourage certain groups from voting.,Political Systems & Governance,voter-suppression
Incumbency,The holding of an office or the period during which one is held.,Political Systems & Governance,incumbency
Electoral Dispute,A disagreement arising from the conduct or results of an election.,Political Systems & Governance,electoral-dispute
Civil Code,A comprehensive set of laws governing private rights and matters.,Political Systems & Governance,civil-code
Ministerial Ethics,Standards of conduct expected of government ministers.,Political Systems & Governance,ministerial-ethics
Public Trust,The confidence citizens have in their government and leaders.,Political Systems & Governance,public-trust
Electoral District,A geographical area represented by an elected official.,Political Systems & Governance,electoral-district
Shadow Government,A group of opposition leaders prepared to take office if elected.,Political Systems & Governance,shadow-government
Mandate Theory,The belief that election winners have authorization to implement policies.,Political Systems & Governance,mandate-theory
Federal Budget,The government’s plan for revenue and spending for a fiscal year.,Political Systems & Governance,federal-budget
Public Expenditure,Spending by government to meet public needs.,Political Systems & Governance,public-expenditure
Political Apathy,Lack of interest or concern in political activities.,Political Systems & Governance,political-apathy
Civic Engagement,Participation in the political and community activities of a society.,Political Systems & Governance,civic-engagement
Recall Vote,A direct vote to remove an elected official before the end of term.,Political Systems & Governance,recall-vote
Constitutional Convention,A gathering to draft or revise a nation's constitution.,Political Systems & Governance,constitutional-convention
Electoral College Vote,The formal vote that elects the president in certain systems.,Political Systems & Governance,electoral-college-vote
Plural Executive,A system where multiple officials share executive authority.,Political Systems & Governance,plural-executive
Ministerial System,A structure where government departments are led by individual ministers.,Political Systems & Governance,ministerial-system
De Facto Government,A government that exercises power regardless of legal legitimacy.,Political Systems & Governance,de-facto-government
De Jure Government,A government that is legally recognized regardless of actual control.,Political Systems & Governance,de-jure-government
Political Science,"The academic discipline studying governments, policies, and political behavior.",Political Systems & Governance,political-science
Authoritarian Capitalism,An economic system combining a free market with authoritarian governance.,Political Systems & Governance,authoritarian-capitalism
Electoral Observation,Monitoring elections to ensure transparency and fairness.,Political Systems & Governance,electoral-observation
Ballot Harvesting,Collecting completed ballots to submit them on behalf of voters.,Political Systems & Governance,ballot-harvesting
Campaign Ethics,Standards and rules guiding the conduct of political campaigns.,Political Systems & Governance,campaign-ethics
Electoral Quota,A rule that sets minimum representation for a group in elected bodies.,Political Systems & Governance,electoral-quota
Judicial Appointment,The process of selecting judges for courts.,Political Systems & Governance,judicial-appointment
Governing Coalition,An alliance of parties forming a majority to govern.,Political Systems & Governance,governing-coalition
Succession Plan,A strategy for replacing leaders or transferring power.,Political Systems & Governance,succession-plan
Political Assassination,The targeted killing of a political figure.,Political Systems & Governance,political-assassination
Political Amnesty,"A pardon for political offenses, usually by the government.",Political Systems & Governance,political-amnesty
Foreign Interference,External influence intended to affect domestic political outcomes.,Political Systems & Governance,foreign-interference
Electioneering,The act of campaigning in an election.,Political Systems & Governance,electioneering
Public Referendum,A direct vote on a specific political question posed to citizens.,Political Systems & Governance,public-referendum
Sovereign Immunity,Legal doctrine shielding governments from certain legal actions.,Political Systems & Governance,sovereign-immunity
Interim Government,A temporary government established during political transition.,Political Systems & Governance,interim-government
Vote Tallying,The process of counting votes in an election.,Political Systems & Governance,vote-tallying
Electoral Violence,Acts of violence aimed at influencing electoral processes.,Political Systems & Governance,electoral-violence
State Legislature,A legislative body governing a political subdivision of a country.,Political Systems & Governance,state-legislature
Governance Index,A measure used to evaluate the effectiveness of governance.,Political Systems & Governance,governance-index
Citizen Assembly,A representative group of citizens convened to deliberate policy.,Political Systems & Governance,citizen-assembly
Minority Government,A government where the ruling party holds fewer seats than the opposition.,Political Systems & Governance,minority-government
Crossbenchers,Legislators not aligned with the government or opposition.,Political Systems & Governance,crossbenchers
Election Day,The official day on which elections are held.,Political Systems & Governance,election-day
Political Neutrality,The principle of not favoring any political party or position.,Political Systems & Governance,political-neutrality
Constitutional Safeguards,Legal protections enshrined in a constitution to uphold rights and prevent abuse.,Political Systems & Governance,constitutional-safeguards
Government Accountability Office,An agency that monitors the spending of public funds and government performance.,Political Systems & Governance,government-accountability-office
Whip System,A method in parliamentary systems to ensure party discipline during votes.,Political Systems & Governance,whip-system
Confidence and Supply,An agreement where a party supports the government in exchange for policy concessions.,Political Systems & Governance,confidence-and-supply
Dual Mandate,When a politician holds two elected positions simultaneously.,Political Systems & Governance,dual-mandate
Shadow Vote,"A symbolic vote used for planning or signaling, without legal effect.",Political Systems & Governance,shadow-vote
Rotating Presidency,An arrangement where the presidency is shared or alternated among members.,Political Systems & Governance,rotating-presidency
Constitutional Tribunal,A high court that reviews laws for constitutional compliance.,Political Systems & Governance,constitutional-tribunal
Electoral Commission Independence,The impartiality of the body overseeing elections.,Political Systems & Governance,electoral-commission-independence
Delimitation,Redrawing boundaries of electoral constituencies.,Political Systems & Governance,delimitation
No-Confidence Motion,A formal statement that the legislature no longer supports the executive.,Political Systems & Governance,no-confidence-motion
Interpellation,A formal request by a legislator for explanation from a government minister.,Political Systems & Governance,interpellation
Political Immunity,Legal protection for politicians against prosecution during office.,Political Systems & Governance,political-immunity
Plural Voting,A voting system where individuals may cast more than one vote.,Political Systems & Governance,plural-voting
Political Succession,The process of transferring leadership in a political system.,Political Systems & Governance,political-succession
Unicameralism,A legislature composed of a single chamber.,Political Systems & Governance,unicameralism
Vote of Confidence,A test to confirm legislative support for the government.,Political Systems & Governance,vote-of-confidence
Open List Proportional Representation,An electoral system allowing voters to influence candidate order.,Political Systems & Governance,open-list-proportional-representation
Closed List System,An electoral system where parties control the order of candidates elected.,Political Systems & Governance,closed-list-system
Mixed-Member Proportional System,A system combining direct and proportional representation.,Political Systems & Governance,mixed-member-proportional-system
Majority Rule,A principle where the decision of more than half prevails.,Political Systems & Governance,majority-rule
Minority Rights,Legal protections for groups not in the majority.,Political Systems & Governance,minority-rights
Political Realism,A theory focusing on power and national interest in politics.,Political Systems & Governance,political-realism
State Audit,Review of government financial activities to ensure legal compliance.,Political Systems & Governance,state-audit
Ombudsman,An independent official who investigates complaints against the government.,Political Systems & Governance,ombudsman
Legislative Calendar,The schedule outlining dates for parliamentary sessions.,Political Systems & Governance,legislative-calendar
Presidential Veto,The president’s power to reject legislation.,Political Systems & Governance,presidential-veto
Constitutional Reform,Changes made to a constitution to update or improve governance.,Political Systems & Governance,constitutional-reform
Caretaker Prime Minister,A temporary leader maintaining government functions during transitions.,Political Systems & Governance,caretaker-prime-minister
National Unity Government,A coalition of all major political parties during crisis.,Political Systems & Governance,national-unity-government
Pork Barrel Politics,Government spending for localized projects to gain political support.,Political Systems & Governance,pork-barrel-politics
Proxy Voting,Voting on behalf of another authorized individual.,Political Systems & Governance,proxy-voting
Cross-Voting,When a legislator votes against their party’s official position.,Political Systems & Governance,cross-voting
Judicial Inquiry,A legal investigation ordered to examine public concerns.,Political Systems & Governance,judicial-inquiry
Grand Coalition,A broad alliance between major political parties.,Political Systems & Governance,grand-coalition
Political Moderation,Avoidance of extreme views and advocacy for balanced solutions.,Political Systems & Governance,political-moderation
Youth Parliament,A platform for young people to debate and engage in mock legislation.,Political Systems & Governance,youth-parliament
Digital Ballot,A secure online method for casting votes.,Political Systems & Governance,digital-ballot
Constitutional Checks,Mechanisms to limit government power through law.,Political Systems & Governance,constitutional-checks
Media Regulation,Laws governing the behavior of news and broadcasting outlets.,Political Systems & Governance,media-regulation
Transparency Legislation,Laws mandating open government processes and data.,Political Systems & Governance,transparency-legislation
Whistleblower Protection,Legal safeguards for individuals exposing wrongdoing.,Political Systems & Governance,whistleblower-protection
Ethics Committee,A body that investigates ethical violations in government.,Political Systems & Governance,ethics-committee
Legal Tender Law,A statute defining official currency that must be accepted for debts.,Political Systems & Governance,legal-tender-law
Deliberative Assembly,A body that debates and decides collective policies.,Political Systems & Governance,deliberative-assembly
Nonpartisan Politics,Political engagement free from party affiliations.,Political Systems & Governance,nonpartisan-politics
Vote Share,The percentage of total votes received by a candidate or party.,Political Systems & Governance,vote-share
Legislative Docket,A list of legislative proposals scheduled for consideration.,Political Systems & Governance,legislative-docket
Political Feasibility,Assessment of whether a policy is likely to gain support.,Political Systems & Governance,political-feasibility
Statecraft,"The skillful management of state affairs and governance, including diplomacy, strategy, and administration.",Political Systems & Governance,statecraft
Unjust Laws,"Laws that are considered morally or ethically wrong, often violating principles of justice, equality, or fundamental rights.",Political Systems & Governance,unjust-laws
Absentee Voting,A voting method that allows citizens to vote without being physically present at the polling station.,Political Systems & Governance,absentee-voting
Access to Resources,"The availability of financial, institutional, or informational support for political actors or institutions.",Political Systems & Governance,access-to-resources
Accountability,The obligation of political actors to answer for their actions and decisions to the public and institutions.,Political Systems & Governance,accountability
Accountability and Effectiveness,Measures of how well governments perform and respond to public needs while being held responsible.,Political Systems & Governance,accountability-and-effectiveness
Administrative Efficiency,The ability of bureaucracies and institutions to function with minimal waste and high productivity.,Political Systems & Governance,administrative-efficiency
AI-Powered Assistants,Technological tools using artificial intelligence to support digital governance and decision-making.,Political Systems & Governance,ai-powered-assistants
Alternative Government,A proposed or informal governing body created by the opposition as a counter to the ruling government.,Political Systems & Governance,alternative-government
Alternative Policies,Policy proposals or solutions offered by political actors outside of the current administration.,Political Systems & Governance,alternative-policies
Anti-Corruption,"Efforts and measures aimed at preventing, detecting, and punishing corruption in governance.",Political Systems & Governance,anti-corruption
Anti-Corruption Reform,Legislative and institutional changes intended to reduce corruption in public administration.,Political Systems & Governance,anti-corruption-reform
Anti-Discrimination Laws,Legislation designed to protect individuals and groups from unfair treatment based on identity.,Political Systems & Governance,anti-discrimination-laws
Auditing Agencies,Organizations responsible for examining the use of public funds to ensure transparency and accountability.,Political Systems & Governance,auditing-agencies
Authoritarian Communism,A political system combining centralized control with Marxist-Leninist ideology.,Political Systems & Governance,authoritarian-communism
Authoritarian Systems,Governments characterized by strong central power and limited political freedoms.,Political Systems & Governance,authoritarian-systems
Authoritarianism and Democracy,A hybrid political model combining elements of democratic procedures with authoritarian rule.,Political Systems & Governance,authoritarianism-and-democracy
Authority Among Groups,The distribution of political power across various groups in a governance system.,Political Systems & Governance,authority-among-groups
Authority in Central Government,The concentration of decision-making and power at the national level.,Political Systems & Governance,authority-in-central-government
Bill Debate Timing,The scheduled time for legislative discussions on proposed laws.,Political Systems & Governance,bill-debate-timing
Bipartisanship,Cooperation between major political parties to pass legislation or govern effectively.,Political Systems & Governance,bipartisanship
Budget Compromise,A negotiated agreement between political actors to pass a government budget.,Political Systems & Governance,budget-compromise
Campaign Finance Laws,Regulations governing the funding and expenditures of political campaigns.,Political Systems & Governance,campaign-finance-laws
Capitalist Ownership,The private control of property and production for profit within a capitalist economy.,Political Systems & Governance,capitalist-ownership
Caretaker Functions,Limited duties performed by a temporary government until a new one is elected.,Political Systems & Governance,caretaker-functions
Central Authority,The governing power located at the top of a political or administrative hierarchy.,Political Systems & Governance,central-authority
Central Government Role,The responsibilities and functions carried out by a national-level government.,Political Systems & Governance,central-government-role
Centralization,The process of concentrating political power and decision-making in a central authority.,Political Systems & Governance,centralization
Centralized Government,A government structure where all major decisions are made by a single national authority.,Political Systems & Governance,centralized-government
Challenger,A political candidate who runs against an incumbent for public office.,Political Systems & Governance,challenger
Citizen Confidence,The trust citizens have in political institutions and leadership.,Political Systems & Governance,citizen-confidence
Citizen Consent,"The approval of governance by the governed, often expressed through elections.",Political Systems & Governance,citizen-consent
Citizen Participation,"Involvement of individuals in political processes such as voting, protests, or policymaking.",Political Systems & Governance,citizen-participation
Citizen Petition,A formal request signed by citizens to influence government action or initiate legislation.,Political Systems & Governance,citizen-petition
Citizen Preferences,The opinions and policy desires expressed by the public through surveys or voting.,Political Systems & Governance,citizen-preferences
Citizenship,Legal status granting an individual rights and responsibilities within a political community.,Political Systems & Governance,citizenship
Civic Accountability,The process of holding government officials and institutions responsible to the public.,Political Systems & Governance,civic-accountability
Civil Rights,Basic legal protections and freedoms granted to individuals in a democratic society.,Political Systems & Governance,civil-rights
Civil Rights Movements,Collective efforts to expand and protect the rights of marginalized groups.,Political Systems & Governance,civil-rights-movements
Civil Service,A professional body of government employees tasked with implementing public policies.,Political Systems & Governance,civil-service
Class System,A social hierarchy often reflected in or reinforced by political and economic structures.,Political Systems & Governance,class-system
Classify Political Ideologies,The act of organizing political beliefs into structured categories.,Political Systems & Governance,classify-political-ideologies
Clerical and Civil Authority,Shared governance between religious leaders and elected officials.,Political Systems & Governance,clerical-and-civil-authority
Clientelist Systems,Political arrangements where material goods or favors are exchanged for electoral support.,Political Systems & Governance,clientelist-systems
Climate Activism,Political advocacy aimed at addressing climate change through policy and reform.,Political Systems & Governance,climate-activism
Coalition Partners,Political parties or actors that join together to form a governing coalition.,Political Systems & Governance,coalition-partners
Codification of Laws,The process of organizing and systematizing legal rules into a formal code.,Political Systems & Governance,codification-of-laws
Codified Law,A written and organized set of legal statutes that govern society.,Political Systems & Governance,codified-law
Committees,Sub-groups within a legislative body tasked with reviewing and refining legislation.,Political Systems & Governance,committees
Communist Party Structure,The organizational framework of a ruling or influential communist party.,Political Systems & Governance,communist-party-structure
Comparative Politics,A subfield of political science that compares different political systems and institutions.,Political Systems & Governance,comparative-politics